hash,block,from,time,to,type,value
F4HhR4Ya7tiDWCqo84Q3QZV7N5kG8XLvHj8rtQ1gZc3r,200047890,0x39cd451f3ba4b4e0795e8a8bfa8e60b1cae731bc31767bf40fa2230257f25b68,1760284536130,,OTHER,-1296298.708268
FSfoVYTcJTadzy9iwzdxbVm9qJhSoho1dy2hYS1V4BLe,200047890,0xd65a5464116a22a269ed3909fcb78b22a2e96d41df3dd7158fb11ebeea280524,1760284536130,,OTHER,-153847.278852
PoJ4yf52vSMshEd1abErKFTjAqwJ5CxeXEfc77VneT5,200047900,0x1b276510b45fe3b323e497bb538dde1a57698458fed17e08125a8fdda9c775d6,1760284538327,,OTHER,-6798511.600341
9AUvtCQEL6ZYJv94WxJZfeh4mMTgBoRXkDLJ33uQQvCd,200047901,0x2543b2f191f6634b00ccbdfcd652251e125c84f234ba0d96360831e6cc491508,1760284538561,,OTHER,6801854.444152
7YtnFFjtUpNKDTJmbikvNoEwaowJzvC4dCtMVbe9PSZP,200047902,0x6657bbb7316a5a1eb72751e96adc18cfeac4e2aae41c48d3822675334c132b4b,1760284538774,,OTHER,-2559068.534525
6LgCzGMKcFuoHoUjtRaL4fe9F2UG2XGHwhmEvuuMFbc4,200047902,0x3b674017a330c1a3e3a148f4a3aa35c756ca2862a84c74885466897df30788a4,1760284538774,,OTHER,-181821.065908
FPnzxUdLHwSU9Fhxz66EYWNW6BHCcTx6MvF7Lr9pZPyK,200047906,0x6d18f813532d024dac36d398c3ff8f95cf46e4138792135488efd15db16030c2,1760284539698,,OTHER,499290.888762
ANjersu4Rg93V18rWzasyYkxqWTxpYAkuEFhhhved3Ki,200047906,0x091fc6fd3799eeed82956d896559754ae15da61662fad1ea4656232033f0a76f,1760284539698,,OTHER,-20410.06794
Ho3AMpvyRSeuvayswDBTScJeCb7P6496PbD4e752h9ZE,200047912,0x359b6e0b7c36cf54c56a478e1eebe50f2b60d023aa44069e5f32d044a1a13084,1760284541026,,OTHER,-33003.061076
FjSWrDGZzqFHhjMbvSndvUWraQWcrhtYW3aSQxpbke4W,200047913,0xa82534a5f024715faf85a11721d99bdd07e2f3aa8b7a64cf182b7f9998272c27,1760284541272,,OTHER,-160602.52048399998
7A2W7Wz1g1UDXwZRmDVMvc2CGEcCNrf6coaecC3JmMWo,200047913,0xa05f8043c9e330c45361b0ae9677202bd7f542f272c215632c42d6cd3758fba8,1760284541272,,OTHER,-4672717.515372
2ovMf4ynG9NzZHQa7RJJfMbCk8UXLB2NBZvKBdoBVSd8,200048242,0xd5d4cae8b484942175e8ec7e242e7a810310865bd258f6a17b81559f4b5e7cb0,1760284616742,,OTHER,7975.47625
5AXcVvdy9n7Rdavbm4KpG5zCxu8uhzZXr3zHPEHjpHWR,200048242,0x0f100cc7b22236c5993a35e2319b1d4405692c57da63f3b5a1c7e0fd3fc891b1,1760284616742,,OTHER,-16201.140784
A2B4gZGZnSbbVxv6YSH4LX6UzD2xETwYWqEUL3cuvmmv,200048244,0xcd54087c53009bc7a631c7252f5584b5cd4690ddb16aa2fd3608e429b42b179a,1760284617180,,OTHER,4894561.839022
B1df4Yeq6ef27jDKGqL2p4NnZs5vjBAYXyb9mmNvXQwn,200048244,0xb51994e42b487389c0a1c84cab87ff40f88cc321724e84f4f7802505fca59445,1760284617180,,OTHER,-746584.315217
8Ehbfdv9js6mAvoEHp9B5u65ppqnoiwcWYviQkVX7gux,200048250,0x8cc479ea2741742a574565eed9dc5b43dca3fd576a5c376770ff93f134bee918,1760284618497,,OTHER,1805626.125703
5TYP88vhN5isLByKUT4g9XfL1EGGzQdJsZGfLFgKciGD,200048251,0x171ef1b00a1bca6891bb65f5b9add72ed4220a0029abe3cbd9432dce679fdb6b,1760284618730,,OTHER,181613.04974699998
BWFmHr5WDayeJv1kWi1VcgGhibqStQWEC3inbk5uvUSH,200048253,0x3b674017a330c1a3e3a148f4a3aa35c756ca2862a84c74885466897df30788a4,1760284619185,,OTHER,-181821.097144
BBxxyg4prN2YjKjbDwt1rJz9xLucko2DHTTaVV9Zi7t4,200048254,0x1c688a151ecb2fc4a701648d267551160bbb3fe6ab0c82d6cac068ed6cc982c9,1760284619402,,OTHER,-210528.212444
8YHSrdNh95gd2mWJMjcZ3CWNantzTbuo2ZzDwiFYcYA1,200048260,0xfb698719de9631847e725e42957bc186e13b741079b8a12034d7336466922e6c,1760284620784,,OTHER,-300121.686811
6wvPNkTZZg4B4UZVskic3uSNMaQmiSJ1yXRpwdd8g3D9,200048260,0x606ec0d0ac4cbb08837879ded16642555ec78901fb773c7a2200e5bc3e28fd40,1760284620784,,OTHER,1098209.323013
HiKkMHKxBt3ksZK9azTPpMbaVghEUJCtgAC8vqJgiuVR,200048265,0x8cc479ea2741742a574565eed9dc5b43dca3fd576a5c376770ff93f134bee918,1760284621878,,OTHER,-1805622.703237
h3rf2tFxVvDDpquhE8spwDTozAJfczvGsEwvzSdvRq6,200048267,0x3157ea45d07f2795137b2aea186f22ee814e8676c453295e525f8ea1e1dacd2b,1760284622328,,OTHER,1946.13842
4tQgkGXk5xN2Uvy6FLga3UUoHSE4dXGy69sLzRd6k3iG,200048267,0x1362bd199a4fbf475eb420b4d064c8937cc618aefc2f1531a58755840d73dff3,1760284622328,,OTHER,6117379.425605
