{"data":[{"asset":"00","full_name":"00 Token"},{"asset":"0g","full_name":"0G"},{"asset":"0x0","full_name":"0x0.ai: AI Smart Contract"},{"asset":"1000sats","full_name":"1000SATS (Ordinals)"},{"asset":"100x","full_name":"100xCoin"},{"asset":"10set","full_name":"Tenset"},{"asset":"18c","full_name":"Block 18"},{"asset":"1art","full_name":"ArtWallet"},{"asset":"1box","full_name":"1BOX"},{"asset":"1cat","full_name":"Bitcoin Cats"},{"asset":"1earth","full_name":"EarthFund"},{"asset":"1inch","full_name":"1inch"},{"asset":"1inchdown","full_name":"1INCHDOWN"},{"asset":"1inchup","full_name":"1INCHUP"},{"asset":"1mbabydoge","full_name":"Baby Doge Coin (1 Million)"},{"asset":"1st","full_name":"FirstBlood"},{"asset":"1wo","full_name":"1World"},{"asset":"2crz","full_name":"2crazyNFT"},{"asset":"2give","full_name":"2GIVE"},{"asset":"4art","full_name":"4ART Coin"},{"asset":"5ire","full_name":"5ire"},{"asset":"a","full_name":"Vaulta"},{"asset":"a2z","full_name":"Arena-Z"},{"asset":"a47","full_name":"AGENDA 47"},{"asset":"a5t","full_name":"Alpha5"},{"asset":"a8","full_name":"Ancient8"},{"asset":"aa","full_name":"Arai"},{"asset":"aa_a3sprotocol","full_name":"A3S Protocol"},{"asset":"aaa","full_name":"Abulaba"},{"asset":"aac","full_name":"Acute Angle Cloud"},{"asset":"aapl","full_name":"Apple Tokenized Stock"},{"asset":"aaplx","full_name":"Apple xStock"},{"asset":"aark","full_name":"Aark Digital"},{"asset":"aave","full_name":"Aave"},{"asset":"aave3l","full_name":"Aave 3x Leveraged Long Token"},{"asset":"aave3s","full_name":"Aave 3x Leveraged Short Token"},{"asset":"aavedown","full_name":"AAVEDOWN"},{"asset":"aaveup","full_name":"AAVEUP"},{"asset":"ab","full_name":"AB"},{"asset":"aba","full_name":"EcosBall"},{"asset":"abbc","full_name":"ABBC Coin"},{"asset":"abl","full_name":"Airbloc"},{"asset":"abnb","full_name":"Airbnb Tokenized Stock"},{"asset":"abt","full_name":"Arcblock"},{"asset":"abtc","full_name":"AML Bitcoin"},{"asset":"aby","full_name":"ArtByte"},{"asset":"abyss","full_name":"The Abyss"},{"asset":"ac","full_name":"ArtCoin"},{"asset":"ac3","full_name":"AC3"},{"asset":"aca","full_name":"Acala Token"},{"asset":"acat","full_name":"Alphacat"},{"asset":"acb_tokenizedstock","full_name":"Aurora Cannabis Tokenized Stock"},{"asset":"acc","full_name":"Asian-African Capital Chain"},{"asset":"acd","full_name":"Alliance Cargo Direct"},{"asset":"ace","full_name":"ACENT"},{"asset":"ace_fusionist","full_name":"Fusionist"},{"asset":"ach","full_name":"Alchemy Pay"},{"asset":"acm","full_name":"AC Milan Fan Token"},{"asset":"aco","full_name":"A!Coin"},{"asset":"acoin","full_name":"Alchemy"},{"asset":"acs","full_name":"Access Protocol"},{"asset":"act","full_name":"Act I The AI Prophecy"},{"asset":"acx","full_name":"Across Protocol"},{"asset":"acxt","full_name":"AC eXchange Token"},{"asset":"ad","full_name":"ADreward"},{"asset":"ad_artdollar","full_name":"ArtDollar"},{"asset":"ada","full_name":"Cardano"},{"asset":"ada3l","full_name":"Cardano 3x Leveraged Long Token"},{"asset":"ada3s","full_name":"Cardano 3x Leveraged Short Token"},{"asset":"adabear","full_name":"3X Short Cardano Token"},{"asset":"adabull","full_name":"3X Long Cardano Token"},{"asset":"adadown","full_name":"ADADOWN"},{"asset":"adahalf","full_name":"0.5X Long Cardano Token"},{"asset":"adahedge","full_name":"1X Short Cardano Token"},{"asset":"adapad","full_name":"ADAPad"},{"asset":"adaup","full_name":"ADAUP"},{"asset":"adb","full_name":"adbank"},{"asset":"add","full_name":"Add Finance"},{"asset":"adel","full_name":"Akropolis Delphi"},{"asset":"adh","full_name":"AdHive"},{"asset":"adk","full_name":"Aidos Kuneen"},{"asset":"adp","full_name":"Adappter"},{"asset":"ads","full_name":"Alkimi"},{"asset":"adt","full_name":"adToken"},{"asset":"adx","full_name":"AdEx"},{"asset":"ae","full_name":"Aeternity"},{"asset":"ae_eth","full_name":"Aeternity on Ethereum"},{"asset":"aed","full_name":"United Arab Emirates Dirham"},{"asset":"aeg","full_name":"Aether Games"},{"asset":"aeon","full_name":"Aeon"},{"asset":"aergo","full_name":"Aergo"},{"asset":"aero","full_name":"Aerodrome Finance"},{"asset":"aero_base.eth","full_name":"Aerodrome Finance on Base"},{"asset":"aeur","full_name":"Anchored Coins AEUR"},{"asset":"aevo","full_name":"Aevo"},{"asset":"afc","full_name":"Arsenal Fan Token"},{"asset":"afg","full_name":"Army of Fortune Gem"},{"asset":"afn","full_name":"Afghan Afghani"},{"asset":"afsui","full_name":"Aftermath Staked SUI"},{"asset":"age","full_name":"Agenor"}],"next_page_token":"YWdlbnRmdW4","next_page_url":"https://community-api.coinmetrics.io/v4/reference-data/assets?next_page_token=YWdlbnRmdW4"}