[{"block": 369854764, "hash": "5JWiDuiC5e5qrv4ja7ZbPTKRsfqE4rx7YaXgqNWLr9fxLWmnUrykz8S4sDxTjG9FLUqWyap9mUqByVnf9bdw5jPi", "from": "HwsJZGvPqxxKyYHkNNXBD78efCvumHzqxX8KK63djYjv", "to": "77oCAPcNP5EQWP1GufFQgvzhknWGD39WuD1FF9CrnuMc", "value": 1231.7220628, "type": "other", "protocol_from": null, "protocol_to": null, "time": "2025-09-28 16:11:11"}, {"block": 369854492, "hash": "5m8dd8yGHM9rGjm6yXy9zNPCfBoiZNCtKRe4NbKwM1u4NKPw8QC1ZFDYw2ydPH3LkGXr8SrY7EgByoZce13kSh5j", "from": "5tzFkiKscXHK5ZXCGbXZxdw7gTjjD1mBwuoFbhUvuAi9", "to": "DYhtwP1bL3TtzVJr1A1tBCc4QTE2MXm7m4VzAxgP27QR", "value": 1214.04390864, "type": "other", "protocol_from": null, "protocol_to": null, "time": "2025-09-28 16:22:09"}, {"block": 369858790, "hash": "fYSTrpCxSDqMEXKLCXSzuTbxpDroXZ72ixW4XjvFcK3jSjG8YgCpo31Yb7yLk7A2qK5thSZRnU2kLanTNJckjZK", "from": "CWwuT5o4CukRk71dRFAnRg3QH4THkZNAFWquK6krgAAx", "to": "DwcCwjAdDcPH9d1pcLY4diHpoMyvpJ9DuNfLqxRrdtQW", "value": 1671.657069092, "type": "other", "protocol_from": null, "protocol_to": null, "time": "2025-09-28 16:39:05"}, {"block": 369858228, "hash": "NfZcZXzyJhqmoWoqf3oL1ek2xTZ4sGZDACwPZLFo66jGP5xtWctDLRwbfnXLAodkSmtNy1ELagMK4krmaw7jW9z", "from": "HemvwJnRW8hiMBg8bs9wKU8KtiSaU8VgQSDKchdwQHH7", "to": "Bwux8pwf6LZoe1dPsE2P8a8bt7vaHcAGVew59xxKpgjw", "value": 2173.00228788, "type": "other", "protocol_from": null, "protocol_to": null, "time": "2025-09-28 17:38:11"}, {"block": 369874696, "hash": "AWR4ct7fX2PBwMRZ8Z8cnk7qsNLQpoTH3CMiTkJqtB7CxoVP3KwJgnFurjbxadqkY3j6MGLgn7BSCV3ZDUuDuHU", "from": "5tzFkiKscXHK5ZXCGbXZxdw7gTjjD1mBwuoFbhUvuAi9", "to": "25eDQwvjNMUJ9Lwri6YQBuksDL3T6menbU2KMz1uTqbV", "value": 2070.84260719, "type": "withdraw", "protocol_from": null, "protocol_to": null, "time": "2025-09-28 18:09:17"}, {"block": 369874663, "hash": "4NEJ66eamg9mRegJhekCiEKqp7uARTbdAT6Pk8J7DJhcpG7vv57S29Juh1YN3cUUHqRbty4sAr8fxJWC2jK6yEkh", "from": "BY4StcU9Y2BpgH8quZzorg31EGE4L1rjomN8FNsCBEcx", "to": "5P1smXXbWttxaN8M4XFxtnYwqxMa8KJTacFs3BRH3k5r", "value": 1069.5941678, "type": "other", "protocol_from": null, "protocol_to": null, "time": "2025-09-28 18:11:20"}, {"block": 369879152, "hash": "5mSvF8U3paU5Kc71tx29ZYcKhj8XVbZL8ikCRHwmBYbzotvxGPWEwABtoJyxWA2qdAATLUJVX5qLHXeS3m83BkXa", "from": "75nLWxcpVg4rztE3xZe3G8GfaVHkhXXpeK4oP83fLJni", "to": "BfP2dBiHbiqYvsmESsgHEL8wQtZt25sbDNKnwmNRB34G", "value": 1534.401034245, "type": "other", "protocol_from": null, "protocol_to": null, "time": "2025-09-28 18:39:02"}, {"block": 369879140, "hash": "gyF8j1mxn3AMK1jkFibGjNFDpb2aFRPdexmR5JjRmVaz1aejgHiTJfR3WqgDVMZP5AGfKSKJxh8wG5jzeWKfa37", "from": "13ob3WqwLGcVrkvuDmrK1eXSbgD8MusoCYHDBZnnRaxJ", "to": "AjLjvtDpzdJjuzzxAw5Qb6yVM8aen3yfwWrBpkFosByd", "value": 3027.432208768, "type": "other", "protocol_from": null, "protocol_to": null, "time": "2025-09-28 18:39:33"}, {"block": 369879066, "hash": "3vZHfZhHF29CULfqX3yWjC9ZarYxMn3tsCYVdeNh2UhYXiJaLNUDPQt4YwapGUrpkcFoayK1e2NSQUSnJF7LvFDf", "from": "6Y2JUsWkkMAV5sR4SZTjEEfvVXamjCX2Uwcb31ncXME8", "to": "13ob3WqwLGcVrkvuDmrK1eXSbgD8MusoCYHDBZnnRaxJ", "value": 3027.452899924, "type": "other", "protocol_from": null, "protocol_to": null, "time": "2025-09-28 18:42:40"}, {"block": 369878836, "hash": "2LJHBNqKMRGHatX1p9acf4ASeLZsbuBwcCY3vyDUry6FuQiGQcEA48RZ8TzGRGxnSCQu4hDuWkXqqPhHoDr2iX44", "from": "5tzFkiKscXHK5ZXCGbXZxdw7gTjjD1mBwuoFbhUvuAi9", "to": "HN1WMn3QogA5WQ8kXRdpJBR3tU8fNbDApBfTb2p1BTKa", "value": 2473.566013, "type": "withdraw", "protocol_from": null, "protocol_to": null, "time": "2025-09-28 18:51:47"}, {"block": 369878652, "hash": "2PsJryBzvAHf9A3YQMNHEf6KB8PEhm5T1XVj6ScDkN2kPV2P4joTWL7DGxNDuiMDDrHFZhd5M69zRtgGUbRwrS39", "from": "6v434aRMo8S21HFWVUVT9bfqF11nwoH6PM7bJJzQGPhW", "to": "GYiTjQMimDiEPhksaajVteHR5wWfw5kNBx5Z4tBkx7UG", "value": 1000.000010023, "type": "other", "protocol_from": null, "protocol_to": null, "time": "2025-09-28 18:59:07"}, {"block": 369878537, "hash": "3kU15EDTo1ksmQoMN4JiAFfgqnpPBpUaPsfQHP87ZQVTPXxBVL9a32k29UQspavr3SgYyzHefQXNxUnrYA96GGss", "from": "5tzFkiKscXHK5ZXCGbXZxdw7gTjjD1mBwuoFbhUvuAi9", "to": "2vUZ32uBVph9SbpLN4qu29WP4WGAzj1aUZrTt8Sk1cmp", "value": 1540.158723, "type": "withdraw", "protocol_from": null, "protocol_to": null, "time": "2025-09-28 19:08:38"}, {"block": 369886616, "hash": "47shbV2hHot2SPxVrvnGfrjEMPWRBCGQLKCLKXWba2Mdh3v5hSYxpdaxt3awbzkfNdpdKh7K5CzSNHYf9yfZm3r9", "from": "FxteHmLwG9nk1eL4pjNve3Eub2goGkkz6g6TbvdmW46a", "to": "3ADzk5YDP9sgorvPSs9YPxigJiSqhgddpwHwwPwmEFib", "value": 1036.000015, "type": "other", "protocol_from": null, "protocol_to": null, "time": "2025-09-28 20:13:05"}, {"block": 369886558, "hash": "35xvjaviA9JxeiSWpcrtasFWZixgVjGJpD7gjc29qEFSuE8KPqCjvJumYsYiYzsYVKAktojSrAY2EbU4EHFk7ZCd", "from": "5tzFkiKscXHK5ZXCGbXZxdw7gTjjD1mBwuoFbhUvuAi9", "to": "67HWQA51pZPucayJv2J2sTzU7d7d8qdsqGCt5pxEJvzz", "value": 1302.29874371, "type": "withdraw", "protocol_from": null, "protocol_to": null, "time": "2025-09-28 20:20:43"}, {"block": 369901082, "hash": "5nooFfvhb2uYtBy4o8FupWADgwTFpBXGeBRfcqBFETCbaKhaVmkjb9jv3rsUDqnfpHXKDw97BjDp9AeLwg1SY28h", "from": "3ADzk5YDP9sgorvPSs9YPxigJiSqhgddpwHwwPwmEFib", "to": "5tzFkiKscXHK5ZXCGbXZxdw7gTjjD1mBwuoFbhUvuAi9", "value": 29645.0, "type": "deposit", "protocol_from": null, "protocol_to": null, "time": "2025-09-28 21:14:15"}, {"block": 369900872, "hash": "5aQtL7BK2WSZPJdyA3mpAPNvmemiiVEU4UbAjvgo5qdMrpgViqdotetBqi8SMNcZaeQzwxt2k8kECKK3wrELYaEB", "from": "DDS9dsjDNbhgEHLJrByrPum3trpB2ZfomPXsc1YMmPrC", "to": "7EdcVa1m23Z9QLy126L2NJVYtRiwz1QC5aaz2HmxPWKD", "value": 1166.21244802, "type": "other", "protocol_from": null, "protocol_to": null, "time": "2025-09-28 21:28:05"}, {"block": 369900784, "hash": "2jNmrtHrFH855uipPbxikw59VMQo4qLhbvpkzSofpzmtumm7c9w74FY5EKMSW2tYme9SmZiz5rnSxyuWuP7PpBjY", "from": "5tzFkiKscXHK5ZXCGbXZxdw7gTjjD1mBwuoFbhUvuAi9", "to": "D93etHYAgAyk3RpwwFz1PHc9o6M259PYkXWqtEkKGD2d", "value": 2260.06830594, "type": "withdraw", "protocol_from": null, "protocol_to": null, "time": "2025-09-28 21:48:17"}]